id,nombre,nacimiento,pasaporte
4,Diane Swanson,1974-02-14,F08731569
38,Gabriel Palmer,1981-08-18,O88716397
24,Eric Phelps,1994-10-01,B96464671
8,Jason Edwards,1975-02-09,J22810925
2,Melissa Jimenez,1998-12-18,W08204144
35,Francisco Rich,1996-02-21,D89562085
22,Rodney Wilson,1973-10-18,R08362516
15,Matthew Walsh,1993-09-20,S26547035
40,Brian Berry,1998-12-22,N92528667
59,Jacob Duran,1988-02-25,A85793465
31,Linda Warren,1975-03-13,L01109034
25,Danny Pratt,1998-10-31,E10934506
58,Samuel Jimenez,1984-01-07,B79815379
17,Laura Ward,1981-01-23,I74549867
39,Patricia Norris,1974-12-08,Y69764268
18,Michael Chavez,1976-08-28,O16330677
45,Jill Haas,1986-04-10,U50608611
10,Alex Deleon,1979-10-03,A35692355
20,James Singleton,1977-08-12,U46471214
43,Rebecca Valenzuela,1971-08-18,G17571521
0,Jessica Harvey,1996-04-08,L89163667
53,Patricia Alvarado,1983-08-01,P27318304
14,Ronnie Macias,1988-02-12,J06543685
51,Kristina Gilmore,1985-12-13,B29047250
34,Ronald Monroe,1984-09-12,C02131672
37,Joe Cabrera,1994-08-13,O98651462
54,Gene Obrien,1999-07-02,Q49180524
19,Desiree Williams,1993-03-19,Z32250364
21,Kimberly Brown,1999-09-02,H50641909
23,Latasha Nelson,1986-05-09,V51246373
12,Ronnie Moore,1997-01-12,L28170812
7,Curtis Gutierrez,1974-03-14,Q46419538
46,Heather Arnold,1999-01-10,Y81323264
16,Tracey Harris,1978-06-05,C97271665
50,Adam Herrera,1976-12-04,Y37241205
47,Michael Compton,1980-01-07,T63857772
56,Isaiah Riley,1986-09-18,W12727804
32,Darrell Henderson,1975-03-14,I87476188
1,Melanie Cummings,1980-09-01,J00360904
49,Kenneth Brady,1981-11-06,O21522167
42,Deborah Martinez,1987-02-03,G18065401
13,Bradley Glenn,1975-10-17,U87751971
5,Miguel Oliver,1992-08-27,E21376006
52,Sara Sims,1999-07-10,F00773862
41,Jeffrey Roberts,1971-12-02,G16561693
33,Samantha Mora,1990-10-27,P24467352
28,Nicholas Simmons,1994-08-03,W03439988
26,Elizabeth Jordan,1974-09-16,S70038299
9,John Ross,1979-03-16,F40422038
30,Daniel Callahan,1987-09-13,X88103341
27,Steven Hernandez,1997-11-18,Z48029074
11,David Tran,1975-08-07,B62958600
48,Alex Walsh,1985-12-12,W59287703
29,Mr. James Baxter,1982-05-03,H06267236
36,Justin Martin,1984-07-08,U66847209
3,Linda Paul,1983-01-12,L91489362
57,Kerry Quinn,1978-01-15,I14085439
6,Jason Moore,1991-01-27,T50398906
55,Rachael Vasquez,1998-10-31,U79474626
44,David Robinson,1983-05-04,O66207589
23660,Mark Greene,1998-12-09,V03976673
23661,Kevin Wilson,1986-09-11,N07672370
23662,Christopher Garcia,1986-12-06,I19062847
23663,Cheryl Bolton,1972-12-16,L56496275
23664,Victoria Odom,1986-12-04,X66304032
23666,Mr. Russell Abbott,1984-11-16,X84322989
23667,Anthony Francis,1988-02-13,G15489494
23668,Heather Bolton,1982-09-17,L87663260
23669,Adam Clark,1993-06-10,W06120402
23670,Heather Scott,1973-05-02,J34719947
23673,Casey Bennett,1984-03-12,M25657749
23674,Diana Frank,1979-12-07,C87025090
23676,Corey Elliott,1979-10-04,V79731274
23677,Angela Reynolds,1982-08-09,E44895667
23678,Emma Scott,1989-07-29,N49905893
23679,Zachary Davenport,1971-12-29,R17782317
23680,Maria Perez,1996-08-11,P11550487
23681,Robert Butler,1974-02-02,G04408945
23683,Leslie Howard,1971-09-22,J86333952
23685,James Rojas,1986-05-29,X49704522
23687,Brittany Jones,1978-04-30,D84069297
23688,Cassandra Kirby,1997-04-02,V39868007
23689,Kimberly Hansen,1989-07-02,Y33413387
23690,Jonathan Sims,1974-04-13,O04335063
23691,James Johnson,1994-06-09,D64763364
23693,Joseph Wilson,1993-07-28,Z09262256
23696,Andrew Torres,1981-12-01,J46610530
23697,Vicki Ward,1981-08-31,Y23187711
23698,Emily Sullivan,1991-07-25,I63697476
23699,Jennifer Eaton,1995-08-29,F69466449
23702,Amanda Mccarthy,1995-08-25,J33947155
23705,Ann Robertson,1998-04-27,H44001820
23709,Victoria Brennan,1977-06-19,D76513142
23710,Kathleen Johnson,1973-02-24,Y05451726
23719,Michael Mcdaniel,1994-11-04,D46250570
23720,Patricia Parker,1994-08-07,Q62966391
23721,Gary Vasquez,1984-11-21,N68461604
23722,Sarah Williams,1992-11-06,L97895867
23723,Gregory Bradley,1986-04-18,Y88079794
23725,John Lee,1996-01-25,N47846939
23727,Joel Compton,1991-03-03,T18212951
23728,Janice Smith,1993-03-25,A40223024
23729,Kayla Douglas,1970-04-28,N24258653
23730,Kelsey Huff,1972-08-08,P34583903
23731,John Mcneil,1981-06-15,N15841852
23738,Amanda Ruiz,1977-07-09,F23633774
23739,Kathy Luna,1990-07-13,T72132858
23740,Julia Watkins,1995-08-25,L94336722
23742,Samantha Martin,1981-03-26,Z87364523
23745,Katrina Frye,1995-10-11,F09235820
23746,James Hunter,1995-05-14,O01507856
23752,Mikayla White,1984-09-30,J76795477
23753,Danielle Johnson,1981-12-18,J39937043
23755,Kristen Harris,1972-11-25,F15206543
23758,Ethan Gilbert,1975-12-30,H23592194
23763,Diane Ritter,1996-05-05,U37349664
23769,Susan Stewart MD,1997-02-08,J47009281
23773,Tina Shaw,1996-10-26,B30315997
23782,Brian Garcia,1992-04-20,C59429415
23783,Todd Wilkins,1991-01-30,F89276118
23789,Suzanne Goodman,1987-11-16,K07643594
23790,Brian Mitchell,1983-05-04,C63211080
23791,Meghan Davis,1970-11-15,P84627985
23804,Paul Brown,1987-08-24,U68917595
23818,Jerry Park,1980-06-28,G69357980
23828,Alejandro Allen,1992-05-20,T33834498
23831,Gregory Andrade,1984-12-20,S05106445
23834,Lucas Jones,1992-03-02,T59160871
23837,Gabrielle Alvarez,1992-11-04,W23173820
23839,Sheri Mcdonald,1984-03-14,O85238546
23840,David Keller,1975-07-24,R56995721
23877,Patrick Choi,1985-06-26,D39176940
23892,Jessica Macias,1986-04-12,I71394677
23895,Robert Kelly,1975-02-26,I78807927
23905,Alexander Martin,1980-04-24,G96421276
23910,Katherine Perez,1978-07-29,Y13424296
23917,Alexis Smith,1997-03-21,D99418548
23923,Amanda Andrade,1993-11-06,S03830222
23938,Erica Ochoa,1994-03-11,J46009647
23947,Alfred Martin Jr.,1989-11-10,I71542181
23950,Jane Berger,1987-05-29,A17367163
24032,Justin Hudson,1994-02-12,F70729457
24087,Andrew Malone,1996-06-24,O41678476
24165,John Luna,1983-11-04,R10584802
24341,Laura Marshall,1991-05-19,N55362278
24434,Kelsey Powell,1989-07-10,I07581924
24522,Isaiah Wood,1980-11-05,Q76465555
24524,Matthew Simmons,1978-05-18,Z51226931
24610,Nicole Petty,1988-02-07,Y38354449
24700,Heather Smith,1976-11-13,X91486662
