reserva_id,pasaporte_comprador,codigo_reserva
4263,V03976673,LAT5532-4263
1722,N07672370,LRC9669-1722
2621,I19062847,LAW6318-2621
219,L56496275,LAW6351-0219
1037,X66304032,LAT5532-1037
1331,V03976673,ETA7128-1331
2704,X84322989,UAN2468-2704
3978,G15489494,LUD7177-3978
616,L87663260,ETA6742-0616
4160,W06120402,LRC9669-4160
820,J34719947,COG4299-0820
4470,X84322989,LRC4743-4470
2542,I19062847,BTA8394-2542
4209,M25657749,XLE7933-4209
2855,C87025090,LUD5927-2855
372,L87663260,LRC4743-0372
1642,V79731274,QAF4466-1642
1,E44895667,XLE7933-0001
1433,N49905893,ADC8249-1433
2739,R17782317,LAT5532-2739
692,P11550487,IBE8751-0692
1269,G04408945,COG7539-1269
4772,V03976673,XLE3285-4772
3891,J86333952,EAL8271-3891
1037,X66304032,LAT5532-1037
489,X49704522,NCY5615-0489
2542,I19062847,BTA8394-2542
1991,D84069297,UAN2468-1991
3775,V39868007,LAM9554-3775
4782,Y33413387,QAF4466-4782
2844,O04335063,AZI6476-2844
4365,D64763364,BTA9626-4365
4222,N49905893,LAW6318-4222
2151,Z09262256,QAF6392-2151
2220,L87663260,LAM9554-2220
4247,N49905893,UAN2468-4247
2123,J46610530,IBE2338-2123
2288,Y23187711,NCY5615-2288
629,I63697476,EAL7933-0629
2262,F69466449,COG7539-2262
2220,L87663260,LAM9554-2220
4365,D64763364,BTA9626-4365
3593,J33947155,AZI6476-3593
3180,M25657749,KAI3589-3180
9,D84069297,LAW6318-0009
3739,H44001820,QAF6392-3739
4437,J46610530,UAN2881-4437
3739,H44001820,QAF6392-3739
2855,C87025090,LUD5927-2855
807,D76513142,BTA8394-0807
873,Y05451726,KAI7891-0873
4222,N49905893,LAW6318-4222
3891,J86333952,EAL8271-3891
1991,D84069297,UAN2468-1991
4669,Z09262256,MPH1782-4669
1037,X66304032,LAT5532-1037
2504,L87663260,XLE3285-2504
2704,X84322989,UAN2468-2704
1422,L87663260,EAL8271-1422
3366,D46250570,IBE8751-3366
4265,Q62966391,AZI6476-4265
231,N68461604,UAN2881-0231
2218,L97895867,UAN2881-2218
2964,Y88079794,UCA4751-2964
3845,G15489494,KAI3589-3845
1618,N47846939,IBE8751-1618
2910,V79731274,LAW6351-2910
2540,T18212951,ADC6283-2540
3231,A40223024,NCY5615-3231
2280,N24258653,ETA7128-2280
3588,P34583903,UAN2468-3588
4150,N15841852,BTA8394-4150
4660,V79731274,EAL8271-4660
3536,G04408945,XLE7933-3536
2875,G15489494,BTA9626-2875
1726,J46610530,LAM9574-1726
2540,T18212951,ADC6283-2540
2288,Y23187711,NCY5615-2288
92,F23633774,UAN2468-0092
4236,T72132858,LAW1134-4236
2226,L94336722,LRC4743-2226
1286,M25657749,XLE5111-1286
2556,Z87364523,LRC9669-2556
736,D64763364,XLE3285-0736
2910,V79731274,LAW6351-2910
1016,F09235820,UAN2468-1016
4396,O01507856,LAW6351-4396
2029,J34719947,AZI6476-2029
2288,Y23187711,NCY5615-2288
1480,V39868007,LUD7177-1480
3396,H44001820,ADC6283-3396
4396,O01507856,LAW6351-4396
628,J76795477,NCY1133-0628
182,J39937043,IBE2338-0182
4523,L56496275,KEA7139-4523
538,F15206543,MPH1782-0538
736,D64763364,XLE3285-0736
2633,I19062847,COG3144-2633
3974,H23592194,ETA6742-3974
2542,I19062847,BTA8394-2542
3679,J76795477,BTA9626-3679
2276,R17782317,KEA7139-2276
4902,F15206543,COG4299-4902
3712,U37349664,IBE2338-3712
219,L56496275,LAW6351-0219
3668,I19062847,LUD5927-3668
2578,Y88079794,LAT2175-2578
4265,Q62966391,AZI6476-4265
1082,V79731274,BTA9626-1082
3832,J47009281,KEA7139-3832
2964,Y88079794,UCA4751-2964
1970,Z87364523,LAW1134-1970
820,J34719947,COG4299-0820
3421,B30315997,LRC9669-3421
3294,N07672370,ETA6742-3294
531,N15841852,EAL8271-0531
2844,O04335063,AZI6476-2844
405,Z87364523,XLE5111-0405
4247,N49905893,UAN2468-4247
1007,Z09262256,COG3144-1007
444,X66304032,KAI3589-0444
2048,J86333952,LUD5927-2048
159,C59429415,AZI6476-0159
905,F89276118,LAW6318-0905
834,J46610530,LRC9669-0834
736,D64763364,XLE3285-0736
2988,N07672370,UAN2881-2988
3772,X84322989,UAN2881-3772
1037,X66304032,LAT5532-1037
842,K07643594,LAM9574-0842
1515,C63211080,NCY1133-1515
2577,P84627985,LAM9574-2577
4064,X66304032,XLE3285-4064
3394,J46610530,QAF4466-3394
3376,T72132858,XLE3285-3376
538,F15206543,MPH1782-0538
4604,C87025090,ETA7128-4604
4396,O01507856,LAW6351-4396
2621,I19062847,LAW6318-2621
2543,N49905893,COG4299-2543
736,D64763364,XLE3285-0736
3339,N47846939,EAL7933-3339
159,C59429415,AZI6476-0159
3845,G15489494,KAI3589-3845
3972,U68917595,ADC8249-3972
435,O04335063,ETA7128-0435
4697,D64763364,ADC8249-4697
4158,P11550487,COG4299-4158
4772,V03976673,XLE3285-4772
4831,F23633774,BTA8394-4831
2556,Z87364523,LRC9669-2556
4979,X66304032,LAT2175-4979
1687,N47846939,BTA8394-1687
2542,I19062847,BTA8394-2542
2515,T18212951,QAF4466-2515
3463,V79731274,LAT2175-3463
1196,X49704522,LAM9554-1196
2577,P84627985,LAM9574-2577
3405,G69357980,BTA8394-3405
2504,L87663260,XLE3285-2504
2465,G69357980,NCY1133-2465
2578,Y88079794,LAT2175-2578
3394,J46610530,QAF4466-3394
4160,W06120402,LRC9669-4160
2515,T18212951,QAF4466-2515
1051,Z87364523,AZI6476-1051
4241,X66304032,COG3144-4241
4727,Z09262256,LUD7177-4727
4186,T33834498,LAT2175-4186
1749,I63697476,KAI7891-1749
736,D64763364,XLE3285-0736
894,S05106445,XLE7933-0894
1995,M25657749,LAT5532-1995
3294,N07672370,ETA6742-3294
2500,T59160871,IBE8751-2500
1687,N47846939,BTA8394-1687
4782,Y33413387,QAF4466-4782
3825,W23173820,XLE5111-3825
4669,Z09262256,MPH1782-4669
797,O85238546,ADC6283-0797
1080,R56995721,LUD5927-1080
4160,W06120402,LRC9669-4160
2339,D64763364,MPH1782-2339
3845,G15489494,KAI3589-3845
905,F89276118,LAW6318-0905
2301,W23173820,EAL8271-2301
1623,O01507856,XLE3285-1623
3168,P84627985,ETA7128-3168
414,Y33413387,KEA7139-0414
4033,J86333952,IBE8751-4033
1699,I19062847,COG4299-1699
231,N68461604,UAN2881-0231
3752,Z09262256,UCA4751-3752
2704,X84322989,UAN2468-2704
4437,J46610530,UAN2881-4437
4123,J39937043,QAF4466-4123
2029,J34719947,AZI6476-2029
3891,J86333952,EAL8271-3891
2936,F09235820,QAF6392-2936
1749,I63697476,KAI7891-1749
4268,V03976673,LUD5927-4268
736,D64763364,XLE3285-0736
2936,F09235820,QAF6392-2936
905,F89276118,LAW6318-0905
3999,H23592194,NCY1133-3999
414,Y33413387,KEA7139-0414
3298,C59429415,LUD7177-3298
3409,X84322989,COG4299-3409
1433,N49905893,ADC8249-1433
4604,C87025090,ETA7128-4604
1515,C63211080,NCY1133-1515
2262,F69466449,COG7539-2262
2543,N49905893,COG4299-2543
3978,G15489494,LUD7177-3978
2054,J39937043,BTA9626-2054
4490,D64763364,XLE5111-4490
3405,G69357980,BTA8394-3405
4763,D39176940,EAL7933-4763
2578,Y88079794,LAT2175-2578
1269,G04408945,COG7539-1269
531,N15841852,EAL8271-0531
3333,F23633774,NCY1133-3333
3825,W23173820,XLE5111-3825
1331,V03976673,ETA7128-1331
1970,Z87364523,LAW1134-1970
231,N68461604,UAN2881-0231
4150,N15841852,BTA8394-4150
2276,R17782317,KEA7139-2276
2875,G15489494,BTA9626-2875
2218,L97895867,UAN2881-2218
2262,F69466449,COG7539-2262
4268,V03976673,LUD5927-4268
3568,I71394677,COG3144-3568
2262,F69466449,COG7539-2262
3366,D46250570,IBE8751-3366
174,I78807927,LUD5927-0174
1090,G15489494,IBE2338-1090
2556,Z87364523,LRC9669-2556
3564,Y05451726,LAW1134-3564
4669,Z09262256,MPH1782-4669
3037,J47009281,LRC4743-3037
4473,T18212951,COG7539-4473
1699,I19062847,COG4299-1699
905,F89276118,LAW6318-0905
1623,O01507856,XLE3285-1623
102,G96421276,LAT5532-0102
3231,A40223024,NCY5615-3231
4464,K07643594,LAM9554-4464
2048,J86333952,LUD5927-2048
1082,V79731274,BTA9626-1082
2133,Y13424296,LAW6351-2133
3887,V03976673,NCY5615-3887
3951,C59429415,MPH1782-3951
2151,Z09262256,QAF6392-2151
843,G69357980,LAT2175-0843
102,G96421276,LAT5532-0102
4265,Q62966391,AZI6476-4265
3817,D99418548,LRC4743-3817
1195,J76795477,UAN2881-1195
736,D64763364,XLE3285-0736
3536,G04408945,XLE7933-3536
3450,A40223024,LAM9574-3450
3819,X84322989,COG7539-3819
3080,S03830222,XLE5111-3080
3728,J47009281,LAW6351-3728
3298,C59429415,LUD7177-3298
4188,Y23187711,KAI7891-4188
2515,T18212951,QAF4466-2515
1195,J76795477,UAN2881-1195
736,D64763364,XLE3285-0736
1618,N47846939,IBE8751-1618
221,F69466449,QAF6392-0221
1722,N07672370,LRC9669-1722
4268,V03976673,LUD5927-4268
3366,D46250570,IBE8751-3366
3037,J47009281,LRC4743-3037
4634,T72132858,KAI3589-4634
174,I78807927,LUD5927-0174
1733,J46009647,LAT2175-1733
4831,F23633774,BTA8394-4831
4922,J46009647,LRC9669-4922
2271,P84627985,XLE5111-2271
3147,J39937043,KEA7139-3147
3712,U37349664,IBE2338-3712
2262,F69466449,COG7539-2262
1,E44895667,XLE7933-0001
1090,G15489494,IBE2338-1090
2616,I71542181,XLE7933-2616
3588,P34583903,UAN2468-3588
219,L56496275,LAW6351-0219
4926,A17367163,LAM9574-4926
4831,F23633774,BTA8394-4831
4831,F23633774,BTA8394-4831
4177,Z09262256,LAM9574-4177
4222,N49905893,LAW6318-4222
1927,N24258653,LAW6318-1927
3080,S03830222,XLE5111-3080
2193,Y23187711,UCA4751-2193
3287,F69466449,MPH1782-3287
1251,S03830222,LRC4743-1251
219,L56496275,LAW6351-0219
4160,W06120402,LRC9669-4160
807,D76513142,BTA8394-0807
842,K07643594,LAM9574-0842
1288,S03830222,KEA7139-1288
2151,Z09262256,QAF6392-2151
2465,G69357980,NCY1133-2465
4646,I19062847,NCY5615-4646
444,X66304032,KAI3589-0444
3817,D99418548,LRC4743-3817
4241,X66304032,COG3144-4241
4782,Y33413387,QAF4466-4782
4396,O01507856,LAW6351-4396
4437,J46610530,UAN2881-4437
3180,M25657749,KAI3589-3180
3679,J76795477,BTA9626-3679
1113,J34719947,LAW6351-1113
4771,I63697476,IBE8751-4771
3421,B30315997,LRC9669-3421
2280,N24258653,ETA7128-2280
1433,N49905893,ADC8249-1433
2616,I71542181,XLE7933-2616
372,L87663260,LRC4743-0372
616,L87663260,ETA6742-0616
1269,G04408945,COG7539-1269
1436,D39176940,ETA6742-1436
435,O04335063,ETA7128-0435
3679,J76795477,BTA9626-3679
1927,N24258653,LAW6318-1927
3147,J39937043,KEA7139-3147
4470,X84322989,LRC4743-4470
25,J34719947,COG3144-0025
1269,G04408945,COG7539-1269
4241,X66304032,COG3144-4241
945,N15841852,LAW1134-0945
623,N07672370,LUD7177-0623
4660,V79731274,EAL8271-4660
1269,G04408945,COG7539-1269
873,Y05451726,KAI7891-0873
4464,K07643594,LAM9554-4464
1195,J76795477,UAN2881-1195
2414,D46250570,ADC8249-2414
2875,G15489494,BTA9626-2875
2123,J46610530,IBE2338-2123
1,E44895667,XLE7933-0001
21,V39868007,LAW1134-0021
1269,G04408945,COG7539-1269
3999,H23592194,NCY1133-3999
174,I78807927,LUD5927-0174
1090,G15489494,IBE2338-1090
3564,Y05451726,LAW1134-3564
1907,C87025090,XLE7933-1907
3568,I71394677,COG3144-3568
4981,O85238546,KAI7891-4981
2440,T18212951,ETA6742-2440
4726,J86333952,ETA6742-4726
1269,G04408945,COG7539-1269
4137,G15489494,ADC6283-4137
9,D84069297,LAW6318-0009
2262,F69466449,COG7539-2262
2964,Y88079794,UCA4751-2964
820,J34719947,COG4299-0820
4123,J39937043,QAF4466-4123
4726,J86333952,ETA6742-4726
489,X49704522,NCY5615-0489
4763,D39176940,EAL7933-4763
3836,F15206543,ETA7128-3836
3168,P84627985,ETA7128-3168
4404,R56995721,QAF6392-4404
1699,I19062847,COG4299-1699
4660,V79731274,EAL8271-4660
231,N68461604,UAN2881-0231
4427,F70729457,UCA4751-4427
4926,A17367163,LAM9574-4926
3825,W23173820,XLE5111-3825
222,L87663260,UCA4751-0222
1515,C63211080,NCY1133-1515
736,D64763364,XLE3285-0736
797,O85238546,ADC6283-0797
4646,I19062847,NCY5615-4646
1970,Z87364523,LAW1134-1970
102,G96421276,LAT5532-0102
4365,D64763364,BTA9626-4365
4763,D39176940,EAL7933-4763
1678,N47846939,ADC6283-1678
222,L87663260,UCA4751-0222
4604,C87025090,ETA7128-4604
372,L87663260,LRC4743-0372
613,L56496275,ADC8249-0613
2556,Z87364523,LRC9669-2556
3568,I71394677,COG3144-3568
92,F23633774,UAN2468-0092
2621,I19062847,LAW6318-2621
3405,G69357980,BTA8394-3405
1927,N24258653,LAW6318-1927
2633,I19062847,COG3144-2633
2910,V79731274,LAW6351-2910
4669,Z09262256,MPH1782-4669
3287,F69466449,MPH1782-3287
4177,Z09262256,LAM9574-4177
2855,C87025090,LUD5927-2855
3712,U37349664,IBE2338-3712
3728,J47009281,LAW6351-3728
435,O04335063,ETA7128-0435
4697,D64763364,ADC8249-4697
4033,J86333952,IBE8751-4033
1080,R56995721,LUD5927-1080
2875,G15489494,BTA9626-2875
4241,X66304032,COG3144-4241
3003,C87025090,LAM9554-3003
873,Y05451726,KAI7891-0873
2988,N07672370,UAN2881-2988
1542,T59160871,EAL7933-1542
3168,P84627985,ETA7128-3168
4209,M25657749,XLE7933-4209
2262,F69466449,COG7539-2262
3887,V03976673,NCY5615-3887
2218,L97895867,UAN2881-2218
873,Y05451726,KAI7891-0873
403,L87663260,COG7539-0403
4123,J39937043,QAF4466-4123
4427,F70729457,UCA4751-4427
4727,Z09262256,LUD7177-4727
2280,N24258653,ETA7128-2280
2577,P84627985,LAM9574-2577
102,G96421276,LAT5532-0102
2262,F69466449,COG7539-2262
2890,O41678476,IBE2338-2890
255,I63697476,LAM9554-0255
4772,V03976673,XLE3285-4772
4800,I78807927,ADC6283-4800
4758,J39937043,NCY1133-4758
905,F89276118,LAW6318-0905
2625,N47846939,LAW1134-2625
1430,L56496275,MPH1782-1430
2875,G15489494,BTA9626-2875
3396,H44001820,ADC6283-3396
3752,Z09262256,UCA4751-3752
4902,F15206543,COG4299-4902
2262,F69466449,COG7539-2262
4004,I71542181,EAL7933-4004
1618,N47846939,IBE8751-1618
2465,G69357980,NCY1133-2465
3294,N07672370,ETA6742-3294
4004,I71542181,EAL7933-4004
905,F89276118,LAW6318-0905
4926,A17367163,LAM9574-4926
3080,S03830222,XLE5111-3080
1991,D84069297,UAN2468-1991
2193,Y23187711,UCA4751-2193
2281,X49704522,KAI3589-2281
174,I78807927,LUD5927-0174
1090,G15489494,IBE2338-1090
4473,T18212951,COG7539-4473
3972,U68917595,ADC8249-3972
743,C59429415,QAF4466-0743
2193,Y23187711,UCA4751-2193
3287,F69466449,MPH1782-3287
1331,V03976673,ETA7128-1331
3536,G04408945,XLE7933-3536
1007,Z09262256,COG3144-1007
3037,J47009281,LRC4743-3037
2964,Y88079794,UCA4751-2964
3293,C59429415,ADC8249-3293
2262,F69466449,COG7539-2262
3463,V79731274,LAT2175-3463
736,D64763364,XLE3285-0736
3293,C59429415,ADC8249-3293
1361,P11550487,KAI3589-1361
3080,S03830222,XLE5111-3080
174,I78807927,LUD5927-0174
3003,C87025090,LAM9554-3003
405,Z87364523,XLE5111-0405
4123,J39937043,QAF4466-4123
2621,I19062847,LAW6318-2621
3593,J33947155,AZI6476-3593
3147,J39937043,KEA7139-3147
1542,T59160871,EAL7933-1542
3471,X49704522,KAI7891-3471
174,I78807927,LUD5927-0174
3237,F09235820,EAL8271-3237
3059,J33947155,COG7539-3059
2542,I19062847,BTA8394-2542
3231,A40223024,NCY5615-3231
1733,J46009647,LAT2175-1733
4727,Z09262256,LUD7177-4727
4922,J46009647,LRC9669-4922
743,C59429415,QAF4466-0743
255,I63697476,LAM9554-0255
3564,Y05451726,LAW1134-3564
2577,P84627985,LAM9574-2577
3394,J46610530,QAF4466-3394
2133,Y13424296,LAW6351-2133
159,C59429415,AZI6476-0159
1288,S03830222,KEA7139-1288
2578,Y88079794,LAT2175-2578
2281,X49704522,KAI3589-2281
3819,X84322989,COG7539-3819
1251,S03830222,LRC4743-1251
2193,Y23187711,UCA4751-2193
628,J76795477,NCY1133-0628
2048,J86333952,LUD5927-2048
2540,T18212951,ADC6283-2540
3668,I19062847,LUD5927-3668
4033,J86333952,IBE8751-4033
1975,R10584802,COG3144-1975
3972,U68917595,ADC8249-3972
3231,A40223024,NCY5615-3231
1361,P11550487,KAI3589-1361
3772,X84322989,UAN2881-3772
2739,R17782317,LAT5532-2739
3450,A40223024,LAM9574-3450
1,E44895667,XLE7933-0001
4265,Q62966391,AZI6476-4265
4404,R56995721,QAF6392-4404
3450,A40223024,LAM9574-3450
1618,N47846939,IBE8751-1618
4470,X84322989,LRC4743-4470
3832,J47009281,KEA7139-3832
2739,R17782317,LAT5532-2739
3168,P84627985,ETA7128-3168
3405,G69357980,BTA8394-3405
435,O04335063,ETA7128-0435
1722,N07672370,LRC9669-1722
4669,Z09262256,MPH1782-4669
1422,L87663260,EAL8271-1422
4404,R56995721,QAF6392-4404
1269,G04408945,COG7539-1269
2597,N15841852,KAI7891-2597
4236,T72132858,LAW1134-4236
2220,L87663260,LAM9554-2220
629,I63697476,EAL7933-0629
1480,V39868007,LUD7177-1480
4763,D39176940,EAL7933-4763
3772,X84322989,UAN2881-3772
2262,F69466449,COG7539-2262
1436,D39176940,ETA6742-1436
4490,D64763364,XLE5111-4490
616,L87663260,ETA6742-0616
3728,J47009281,LAW6351-3728
3593,J33947155,AZI6476-3593
435,O04335063,ETA7128-0435
2500,T59160871,IBE8751-2500
4064,X66304032,XLE3285-4064
1195,J76795477,UAN2881-1195
1037,X66304032,LAT5532-1037
736,D64763364,XLE3285-0736
1090,G15489494,IBE2338-1090
2855,C87025090,LUD5927-2855
1678,N47846939,ADC6283-1678
4268,V03976673,LUD5927-4268
1165,X84322989,UCA4751-1165
2910,V79731274,LAW6351-2910
3591,P11550487,LAT5532-3591
4771,I63697476,IBE8751-4771
182,J39937043,IBE2338-0182
174,I78807927,LUD5927-0174
894,S05106445,XLE7933-0894
616,L87663260,ETA6742-0616
4727,Z09262256,LUD7177-4727
4902,F15206543,COG4299-4902
2616,I71542181,XLE7933-2616
405,Z87364523,XLE5111-0405
3037,J47009281,LRC4743-3037
3421,B30315997,LRC9669-3421
1991,D84069297,UAN2468-1991
4922,J46009647,LRC9669-4922
3668,I19062847,LUD5927-3668
405,Z87364523,XLE5111-0405
221,F69466449,QAF6392-0221
2497,R56995721,EAL7933-2497
1113,J34719947,LAW6351-1113
4727,Z09262256,LUD7177-4727
2054,J39937043,BTA9626-2054
92,F23633774,UAN2468-0092
4669,Z09262256,MPH1782-4669
2497,R56995721,EAL7933-2497
1726,J46610530,LAM9574-1726
3972,U68917595,ADC8249-3972
4782,Y33413387,QAF4466-4782
4177,Z09262256,LAM9574-4177
3775,V39868007,LAM9554-3775
3536,G04408945,XLE7933-3536
3409,X84322989,COG4299-3409
2704,X84322989,UAN2468-2704
736,D64763364,XLE3285-0736
3471,X49704522,KAI7891-3471
1090,G15489494,IBE2338-1090
3405,G69357980,BTA8394-3405
1699,I19062847,COG4299-1699
4473,T18212951,COG7539-4473
1907,C87025090,XLE7933-1907
3593,J33947155,AZI6476-3593
1037,X66304032,LAT5532-1037
1269,G04408945,COG7539-1269
4236,T72132858,LAW1134-4236
1515,C63211080,NCY1133-1515
4523,L56496275,KEA7139-4523
4727,Z09262256,LUD7177-4727
1995,M25657749,LAT5532-1995
4646,I19062847,NCY5615-4646
3564,Y05451726,LAW1134-3564
3003,C87025090,LAM9554-3003
3593,J33947155,AZI6476-3593
4158,P11550487,COG4299-4158
3974,H23592194,ETA6742-3974
1405,T33834498,NCY5615-1405
842,K07643594,LAM9574-0842
538,F15206543,MPH1782-0538
1037,X66304032,LAT5532-1037
2226,L94336722,LRC4743-2226
4365,D64763364,BTA9626-4365
2448,N15841852,LUD7177-2448
21,V39868007,LAW1134-0021
3366,D46250570,IBE8751-3366
3588,P34583903,UAN2468-3588
1331,V03976673,ETA7128-1331
4263,V03976673,LAT5532-4263
1687,N47846939,BTA8394-1687
1687,N47846939,BTA8394-1687
3887,V03976673,NCY5615-3887
4427,F70729457,UCA4751-4427
1286,M25657749,XLE5111-1286
2875,G15489494,BTA9626-2875
4236,T72132858,LAW1134-4236
628,J76795477,NCY1133-0628
4372,L97895867,IBE2338-4372
2625,N47846939,LAW1134-2625
2448,N15841852,LUD7177-2448
531,N15841852,EAL8271-0531
1080,R56995721,LUD5927-1080
3845,G15489494,KAI3589-3845
4772,V03976673,XLE3285-4772
3712,U37349664,IBE2338-3712
4033,J86333952,IBE8751-4033
1288,S03830222,KEA7139-1288
4523,L56496275,KEA7139-4523
2448,N15841852,LUD7177-2448
9,D84069297,LAW6318-0009
2890,O41678476,IBE2338-2890
1970,Z87364523,LAW1134-1970
820,J34719947,COG4299-0820
174,I78807927,LUD5927-0174
2281,X49704522,KAI3589-2281
842,K07643594,LAM9574-0842
2440,T18212951,ETA6742-2440
372,L87663260,LRC4743-0372
4137,G15489494,ADC6283-4137
1907,C87025090,XLE7933-1907
3951,C59429415,MPH1782-3951
1618,N47846939,IBE8751-1618
3739,H44001820,QAF6392-3739
613,L56496275,ADC8249-0613
2504,L87663260,XLE3285-2504
221,F69466449,QAF6392-0221
3287,F69466449,MPH1782-3287
2988,N07672370,UAN2881-2988
1733,J46009647,LAT2175-1733
2597,N15841852,KAI7891-2597
4427,F70729457,UCA4751-4427
2054,J39937043,BTA9626-2054
2844,O04335063,AZI6476-2844
629,I63697476,EAL7933-0629
3974,H23592194,ETA6742-3974
25,J34719947,COG3144-0025
102,G96421276,LAT5532-0102
3591,P11550487,LAT5532-3591
4188,Y23187711,KAI7891-4188
4150,N15841852,BTA8394-4150
1515,C63211080,NCY1133-1515
2616,I71542181,XLE7933-2616
3887,V03976673,NCY5615-3887
3396,H44001820,ADC6283-3396
2339,D64763364,MPH1782-2339
1016,F09235820,UAN2468-1016
1430,L56496275,MPH1782-1430
2414,D46250570,ADC8249-2414
2029,J34719947,AZI6476-2029
1080,R56995721,LUD5927-1080
3951,C59429415,MPH1782-3951
3293,C59429415,ADC8249-3293
3543,N55362278,LAW6318-3543
2123,J46610530,IBE2338-2123
3752,Z09262256,UCA4751-3752
3591,P11550487,LAT5532-3591
3463,V79731274,LAT2175-3463
444,X66304032,KAI3589-0444
3298,C59429415,LUD7177-3298
4247,N49905893,UAN2468-4247
3339,N47846939,EAL7933-3339
3832,J47009281,KEA7139-3832
1722,N07672370,LRC9669-1722
3376,T72132858,XLE3285-3376
181,F89276118,BTA9626-0181
3421,B30315997,LRC9669-3421
4186,T33834498,LAT2175-4186
945,N15841852,LAW1134-0945
2739,R17782317,LAT5532-2739
3591,P11550487,LAT5532-3591
2844,O04335063,AZI6476-2844
2597,N15841852,KAI7891-2597
2262,F69466449,COG7539-2262
1749,I63697476,KAI7891-1749
4800,I78807927,ADC6283-4800
4646,I19062847,NCY5615-4646
3394,J46610530,QAF4466-3394
3405,G69357980,BTA8394-3405
4064,X66304032,XLE3285-4064
4660,V79731274,EAL8271-4660
873,Y05451726,KAI7891-0873
3366,D46250570,IBE8751-3366
1007,Z09262256,COG3144-1007
174,I78807927,LUD5927-0174
2271,P84627985,XLE5111-2271
4523,L56496275,KEA7139-4523
629,I63697476,EAL7933-0629
1975,R10584802,COG3144-1975
2625,N47846939,LAW1134-2625
4263,V03976673,LAT5532-4263
3366,D46250570,IBE8751-3366
2133,Y13424296,LAW6351-2133
2633,I19062847,COG3144-2633
1051,Z87364523,AZI6476-1051
4265,Q62966391,AZI6476-4265
1975,R10584802,COG3144-1975
4004,I71542181,EAL7933-4004
2543,N49905893,COG4299-2543
3887,V03976673,NCY5615-3887
2220,L87663260,LAM9554-2220
1155,Q62966391,QAF6392-1155
221,F69466449,QAF6392-0221
834,J46610530,LRC9669-0834
1970,Z87364523,LAW1134-1970
4926,A17367163,LAM9574-4926
2440,T18212951,ETA6742-2440
3147,J39937043,KEA7139-3147
4727,Z09262256,LUD7177-4727
3396,H44001820,ADC6283-3396
2276,R17782317,KEA7139-2276
4209,M25657749,XLE7933-4209
4634,T72132858,KAI3589-4634
4150,N15841852,BTA8394-4150
174,I78807927,LUD5927-0174
3978,G15489494,LUD7177-3978
1678,N47846939,ADC6283-1678
3298,C59429415,LUD7177-3298
4727,Z09262256,LUD7177-4727
2301,W23173820,EAL8271-2301
4064,X66304032,XLE3285-4064
2054,J39937043,BTA9626-2054
3836,F15206543,ETA7128-3836
4372,L97895867,IBE2338-4372
2540,T18212951,ADC6283-2540
894,S05106445,XLE7933-0894
2414,D46250570,ADC8249-2414
1726,J46610530,LAM9574-1726
2578,Y88079794,LAT2175-2578
736,D64763364,XLE3285-0736
1515,C63211080,NCY1133-1515
3772,X84322989,UAN2881-3772
1016,F09235820,UAN2468-1016
4158,P11550487,COG4299-4158
4758,J39937043,NCY1133-4758
2515,T18212951,QAF4466-2515
2123,J46610530,IBE2338-2123
4470,X84322989,LRC4743-4470
1155,Q62966391,QAF6392-1155
843,G69357980,LAT2175-0843
4247,N49905893,UAN2468-4247
3059,J33947155,COG7539-3059
1642,V79731274,QAF4466-1642
3543,N55362278,LAW6318-3543
1007,Z09262256,COG3144-1007
